{
  "designerVersion" : "1.5.41",
  "id" : "customCarousel",
  "name" : "Carousel",
  "lastUpdate" : 1500496521730,
  "template" : "<!-- The custom widget template is defined here\n   - You can use standard HTML tags and AngularJS built-in directives, scope and interpolation system\n   - Custom widget properties defined on the right can be used as variables in a templates with properties.newProperty\n   - Functions exposed in the controller can be used with ctrl.newFunction()\n   - You can use the 'environment' property injected in the scope when inside the Editor whiteboard. It allows to define a mockup\n     of the Custom Widget to be displayed in the whiteboard only. By default the widget is represented by an auto-generated icon\n     and its name (See the <span> below).\n-->\n \n<span ng-if=\"environment\"><identicon name=\"{{environment.component.id}}\" size=\"30\" background-color=\"[255,255,255, 0]\" foreground-color=\"[51,51,51]\"></identicon> {{environment.component.name}}</span>\n<div uib-carousel active=\"active\">\n      <div uib-slide ng-repeat=\"slide in slides track by slide.id\" index=\"slide.id\">\n        <img ng-src=\"{{slide.url}}\" style=\"margin:auto;\" alt=\"{{slide.alt | uiTranslate}}\">\n      </div>\n</div>",
  "controller" : "/**\n * The controller is a JavaScript function that augments the AngularJS scope and exposes functions that can be used in the custom widget template\n * \n * Custom widget properties defined on the right can be used as variables in a controller with $scope.properties\n * To use AngularJS standard services, you must declare them in the main function arguments.\n * \n * You can leave the controller empty if you do not need it.\n */\nfunction ($scope) {\n      $scope.slides = [];\n      $scope.$watch('properties.value', updateValue);\n      \n      function updateValue(){\n          \n        for(var i=0; i < $scope.properties.value.length; i++) {\n            $scope.slides.push({ url: \"http://localhost:8080/bonita/portal/formsDocumentImage?document=\"+$scope.properties.value[i].id, id: i });\n        }\n      }\n    }",
  "custom" : true,
  "properties" : [ {
    "label" : "Value",
    "name" : "value",
    "type" : "text",
    "bond" : "expression"
  } ],
  "assets" : [ {
    "id" : "53be2217-d6fd-428e-8e92-3e281e8088f6",
    "name" : "ui-bootstrap-tpls-2.5.0.min.js",
    "type" : "js",
    "order" : 1,
    "external" : false
  } ],
  "requiredModules" : [ "ui.bootstrap" ],
  "type" : "widget",
  "hasHelp" : false
}